{"type":"bridges","ref_lat":35.69583032,"ref_lon":139.81171935,"scale":0.078963,"range_m":[2279.6,944.7],"items":[]}