{"type":"roads","ref_lat":35.71274896,"ref_lon":139.81476787,"scale":0.07895,"range_m":[2279.9,971.3],"roads":[]}